
<?xml version="1.0" encoding="UTF-8" standalone="yes"?>
<addon id="repository.lonewolftv" name="Lone Wolf Tv official Repo" version="1.1.0" provider-name="LoneWolf">
	<extension point="xbmc.addon.repository" name="LoneWolf official Repo">
		<info compressed="false">https://raw.githubusercontent.com/Erick35/Lone-Wolf-Tv-Repository/master/addons.xml</info>
		<checksum>https://raw.githubusercontent.com/Erick35/Lone-Wolf-Tv-Repository/addons.xml.md5</checksum>
		<datadir zip="true">https://raw.githubusercontent.com/Erick35/Lone-Wolf-Tv-Repository/master</datadir>
	</extension>
	<extension point="xbmc.addon.metadata">
		<summary>LoneWolf official Repo</summary>
   		<description lang="en">Instala los Addons de LoneWolf.</description>
		<disclaimer></disclaimer>
		<platform>all</platform>
	</extension>
</addon>